ZHISTOLOGYLOOKUPID,ZMORPHOLOGYID,ZBEHAVIOURID,DESCRIPTION
3858,"8000","0","NEOPLASM BENIGN"
3859,"8000","1","NEOPLASM UNCERTAIN BEHAVIOUR"
3860,"8000","3","NEOPLASM MALIGNANT"
3861,"8000","6","NEOPLASM METASTATIC"
3862,"8000","9","NEOPLASM UNCERT PRIM/MET SITE"
3863,"8001","0","TUMOUR BENIGN"
3864,"8001","1","TUMOUR UNCERTAIN BEHAVIOUR"
3865,"8001","3","TUMOUR CELLS MALIGNANT"
3866,"8002","3","MALIGNANT TUMOUR SMALL CELL TYP"
3867,"8003","3","MALIGNANT TUMOUR GIANT CELL TYP"
3868,"8004","3","MALIG TUMOUR FUSIFORM CELL TYPE"
3869,"8010","0","EPITHELIAL TUMOUR BENIGN"
3870,"8010","2","CARCINOMA IN SITU NOS"
3871,"8010","3","CARCINOMA NOS"
3872,"8010","6","CARCINOMA METASTATIC NOS"
3873,"8010","9","CARCINOMA NOS UNCERTAIN PRIMARY SITE"
3874,"8011","0","EPITHELIOMA BENIGN"
3875,"8011","3","EPITHELIOMA MALIGNANT"
3876,"8012","3","LARGE CELL CARCINOMA NOS"
3877,"8012","6","LARGE CELL CA MET"
3878,"8020","3","CARCINOMA UNDIFFERENTIATED NOS"
3879,"8020","6","CARCINOMA UNDIFFERENTIATED METASTATIC"
3880,"8020","9","CARCINOMA UNDIFF UNCERTAIN PRIMARY SITE"
3881,"8021","3","CARCINOMA ANAPLASTIC TYPE NOS"
3882,"8021","6","CARCINOMA ANAPLASTIC NOS METASTATIC"
3883,"8022","3","PLEOMORPHIC CARCINOMA"
3884,"8022","6","PLEOMORPHIC CARCINOMA METASTATIC"
3885,"8030","3","GIANT/SPINDLE CELL CARCINOMA"
3886,"8031","3","GIANT CELL CARCINOMA"
3887,"8032","3","SPINDLE CELL CARCINOMA"
3888,"8032","6","SPINDLE CELL CARCINOMA METAST"
3889,"8033","3","PSEUDOSARCOMATOUS CARCINOMA"
3890,"8034","3","CARCINOMA POLYGONAL CELL"
3891,"8040","1","TUMORLET"
3892,"8041","3","SMALL CELL CARCINOMA NOS"
3893,"8041","6","SMALL CELL CARCINOMA NOS METASTATIC"
3894,"8042","3","CARCINOMA OAT CELL"
3895,"8042","6","CARCINOMA OAT CELL METASTATIC"
3896,"8043","3","SMAll CELL CARCINOMA FUSIFORM"
3897,"8050","0","PAPILLOMA NOS"
3898,"8050","2","PAPILLARY CARCINOMA IN SITU"
3899,"8050","3","PAPILLARY CARCINOMA NOS"
3900,"8051","0","VERRUCOUS PAPILLOMA"
3901,"8051","3","VERRUCOUS CARCINOMA NOS"
3902,"8052","0","SQUAMOUS CELL PAPILLOMA"
3903,"8052","3","PAPILLARY SQUAMOUS CELL CARCINO"
3904,"8053","0","INVERTED PAPILLOMA"
3905,"8060","0","PAPILLOMATOSIS NOS"
3906,"8070","1","DYSPLASIA"
3907,"8070","2","SQUAMOUS CARCINOMA IN SITU"
3908,"8070","3","SQUAMOUS CARCINOMA NOS"
3909,"8070","6","SQUAMOUS CELL CA METASTATIC NOS"
3910,"8070","9","SQUAMOUS CA UNCERTAIN PRIMARY SITE"
3911,"8071","3","SQUAMOUS CA KERATINISING NOS"
3912,"8071","6","SQUAMOUS CA KERATINISING METASTATIC NOS"
3913,"8072","3","SQUAMOUS CA NONKERATINISING NOS"
3914,"8073","3","SQUAMOUS CA SMALL CELL NON KERA"
3915,"8074","3","SQUAMOUS CA SPINDLE CELL TYPE"
3916,"8075","3","ADENOID SQUAMOUS CELL CARCINOMA"
3917,"8722","3","BALLON CELL MELANOMA"
3918,"8723","0","HALO NAEVUS"
3919,"8724","0","FIBROUS PAPULE NOSE"
3920,"8725","0","NEURONAEVUS"
3921,"8726","0","MAGNOCELLULAR NAEVUS"
3922,"8730","0","NON PIGMENTED NAEVUS"
3923,"8730","3","MELANOMA AMELANOTIC"
3924,"8740","0","JUNCTIONAL NAEVUS"
3925,"8740","3","MAL MELANOMA JUNCTIONAL NAEVUS"
3926,"8741","2","PRECANCEROUS MELANOSIS NOS"
3927,"8741","3","MM IN PRECANCEROUS MELANOSIS"
3928,"8742","2","HUTCHINSONS MELANOTIC FRECKLE"
3929,"8742","3","MM IN HUTCHINSON MELANO FRECKLE"
3930,"8743","3","SUPERFICIAL SPREADING MELANOMA"
3931,"8750","0","INTRADERMAL NAEVUS"
3932,"8760","0","COMPOUND NAEVUS"
3933,"8761","1","GIANT PIGMENTED NAEVUS"
3934,"8761","3","MM IN GIANT PIGMENTED NAEVUS"
3935,"8770","0","EPITHELOID SPINDLE CELL NAEVUS"
3936,"8771","3","EPITHELOID CELL MELANOMA"
3937,"8772","3","SPINDLE CELL MELANOMA NOS"
3938,"8773","3","SPINDLE CELL MELANOMA TYPE A"
3939,"8774","3","SPINDLE CELL MELANOMA TYPE B"
3940,"8780","0","BLUE NAEVUS"
3941,"8780","3","BLUE NAEVUS MALIGNANT"
3942,"8790","0","CELLULAR BLUE NAEVUS"
3943,"8800","0","SOFT TISSUE TUMOUR BENIGN"
3944,"8800","3","SARCOMA NOS"
3945,"8800","9","SARCOMATOSIS NOS"
3946,"8801","3","SARCOMA SPINDLE CELL"
3947,"8802","3","SARCOMA GIANT CELL"
3948,"8803","3","SARCOMA SMALL CELL"
3949,"8804","3","EPITHELOID CELL SARCOMA"
3950,"8810","0","FIBROMA NOS"
3951,"8810","3","FIBROSARCOMA NOS"
3952,"8811","0","FIBROMYXOMA"
3953,"8811","3","FIBROMYXOSARCOMA"
3954,"8812","0","PERIOSTEAL FIBROMA"
3955,"8812","3","FIBROSARCOMA PERIOSTEAL"
3956,"8813","0","FASCIAL FIBROMA"
3957,"8813","3","FASCIAL FIBROSARCOMA"
3958,"8814","3","INFANTILE FIBROSARCOMA"
3959,"8820","0","ELASTOFIBROMA"
3960,"8821","1","FIBROMATOSIS AGGRESSIVE"
3961,"8822","1","FIBROMATOSIS ABDOMINAL"
3962,"8823","1","FIBROMA DESMOPLASTIC"
3963,"8830","0","FIBROUS HISTIOCYTOMA"
3964,"8830","1","ATYPICAL FIBROUS HISTIOCYTOMA"
3965,"8830","3","FIBROUS HISTIOCYTOMA MAL"
3966,"8832","0","DERMATOFIBROMA NOS"
3967,"8832","1","DERMATOFIBROMA PROTUBERANS"
3968,"8832","3","DERMATOFIBROSARCOMA NOS"
3969,"8840","0","MYXOMA NOS"
3970,"8840","3","MYXOSARCOMA"
3971,"8850","0","LIPOMA NOS"
3972,"8850","3","LIPOSARCOMA NOS"
3973,"8851","0","FIBROLIPOMA"
3974,"8851","3","LIPOSARCOMA WELL DIFF TYPE"
3975,"8852","0","FIBROMYXOLIPOMA"
3976,"8852","3","MYXOID LIPOSARCOMA"
3977,"8853","3","LIPOSARCOMA ROUND CELL"
3978,"8853","6","LIPSARCOMA ROUND CELL METASTATIC"
3979,"8854","3","LIPOSARCOMA PLEOMORPHIC"
3980,"8855","3","LIPOSARCOMA MIXED TYPE"
3981,"8856","0","LIPOMA INTRAMUSCULAR"
3982,"8857","0","LIPOMA SPINDLE CELL"
3983,"8860","0","ANGIOMYOLIPOMA"
3984,"8860","3","LIPOSARCOMA ANGIOMYOL"
3985,"8861","0","ANGIOLIPOMA NOS"
3986,"8861","1","ANGIOLIPOMA INFILTRATING"
3987,"8870","0","MYELOLIPOMA"
3988,"8880","0","HIBERNOMA"
3989,"8881","0","LIPOBLASTOMATOSIS"
3990,"8890","0","LEIOMYOMA NOS"
3991,"8890","1","LEIOMYMOMATOSIS INTRAVASCULAR"
3992,"8890","3","LEIOMYOSARCOMA NOS"
3993,"8890","6","LEIOMYOSARCOMA METASTATIC"
3994,"8890","9","LEIOMYOSARCOMA NOS UNCERT PRIMARY SITE"
3995,"8891","1","LEIOMYMOMA EPITHELOID"
3996,"8891","3","LEIOMYOSARCOMA EPITHELOID"
3997,"8892","1","LEIOMYMOMA CELLULAR"
3998,"8893","0","LEIOMYMOMA BIZARRE"
3999,"8894","0","ANGIOMYOMA"
4000,"8894","3","ANGIOMYOSARCOMA"
4001,"8895","0","MYOMA"
4002,"8895","3","MYOSARCOMA"
4003,"8900","0","RHABDOMYOMA NOS"
4004,"8900","3","RHABDOMYOSARCOMA NOS"
4005,"8901","3","RHABDOMYOSARCOMA PLEOMORPHIC"
4006,"8902","3","RHABDOMYOSARCOMA MIXED TYPE"
4007,"8903","0","RHABDOMYOMA FEOTAL"
4008,"8904","0","RHABDOMYOMA ADULT"
4009,"9142","0","HAEMANGIOMA VERRUCOUS KERATOTIC"
4010,"9150","0","HAEMANGIOPERICYTOMA BENIGN"
4011,"9150","1","HAEMANGIOPERICYTOMA NOS"
4012,"9150","3","HAEMANGIOPERICYTOMA MALIGNANT"
4013,"9160","0","ANGIOFIBROMA NOS"
4014,"9161","1","HAEMANGIOBLASTOMA"
4015,"9170","0","LYMPHANGIOMA NOS"
4016,"9170","3","LYMPHANGIOSARCOMA"
4017,"9171","0","LYMPHANGIOMA CAPILLARY"
4018,"9172","0","LYMPHANGIOMA CAVERNOUS"
4019,"9173","0","LYMPHANGIOMA CYSTIC"
4020,"9174","0","LYMPHANGIOMYOMA"
4021,"9174","1","LYMPHANGIOMYOMATOSIS"
4022,"9175","0","HEMOLYMPHANGIOMA"
4023,"9180","0","OESTEOMA NOS"
4024,"9180","3","OSTEOSARCOMA"
4025,"9180","6","OESTEOSARCOMA METASTATIC"
4026,"9181","3","OSTEOSARCOMA  CHONDOBLASTIC"
4027,"9182","3","OSTEOSARCOMA  FIBROBLASTIC"
4028,"9183","3","OSTEOSARCOMA TELANGIECTATIC"
4029,"9184","3","OSTEOSA PAGETS DISEASE BONE"
4030,"9190","3","OSTEOSARCOMA JUXTACORTICAL"
4031,"9191","0","OSTEOID OESTEOMA NOS"
4032,"9200","0","OESTEOBLASTOMA"
4033,"9210","0","OESTEOCHONDROMA"
4034,"9210","1","OESTEOCHONDROMATOSIS NOS"
4035,"9220","0","CHONDROMA NOS"
4036,"9220","1","CHONDROMATOSIS NOS"
4037,"9220","3","CHONDROSARCOMA NOS"
4038,"9221","0","CHONDROMA JUXTACORTICAL"
4039,"9221","3","CHONDROSARCOMA JUXTACORTICAL"
4040,"9230","0","CHONDROBLASTOMA NOS"
4041,"9230","3","CHONDROBLASTOMA MALIGNANT"
4042,"9240","3","CHONDROSARCOMA MESENCHYMAL"
4043,"9241","0","CHONDROMYXOID FIBROMA"
4044,"9250","1","GIANT CELL TUMOUR BONE"
4045,"9250","3","GIANT CELL TUMOUR BONE MALIG"
4046,"9251","1","GIANT CELL TUMOUR SOFT PARTS"
4047,"9251","3","GIANT CELL TUMOUR SOFT TISS MAL"
4048,"9260","3","EWINGS SARCOMA"
4049,"9261","3","ADAMANTINOMA LONG BONE"
4050,"9262","0","OSSIFYING FIBROMA"
4051,"9270","0","ODONTOGENIC TUMOUR BENIGN"
4052,"9270","1","ODONTOGENIC TUMOUR NOS"
4053,"9270","3","ODONTOGENIC TUMOUR MALIGNANT"
4054,"9271","0","DENTINOMA"
4055,"9272","0","CEMENTOMA"
4056,"9273","0","CEMENTOBLASTOMA BENIGN"
4057,"9274","0","CEMENTIFYING FIBROMA"
4058,"9275","0","CEMENTOMA GIGANTIFORM"
4059,"9280","0","ODONTOMA NOS"
4060,"9281","0","ODONTOMA COMPOUND"
4061,"9282","0","ODONTOMA COMPLEX"
4062,"9290","0","AMELOBLASTIC FIBRO-ODONTOMA"
4063,"9290","3","AMELOBLASTIC ODONTOSARCOMA"
4064,"9300","0","ADENOMATOID ODONTOGENIC TUMOUR"
4065,"9301","0","CALCIFYING ODONTOGENIC CYST"
4066,"9310","0","AMELOBLASTOMA NOS"
4067,"9310","3","AMELOBASLTOMA MALIGNANT"
4068,"9311","0","ODONTOAMELOBLASTOMA"
4069,"9312","0","ODONTOGENIC SQUAMOUS TUMOUR"
4070,"9320","0","ODONTOGENIC MYXOMA"
4071,"9321","0","ODONTOGENIC FIBROMA NOS"
4072,"9330","0","AMELOBASLTIC FIBROMA"
4073,"9330","3","AMELOBLASTIC FIBROSARCOMA"
4074,"9340","0","CALCIFY EPITHEL ODONTOGENIC TUM"
4075,"9350","1","CRANIOPHARYNGIOMA"
4076,"9360","1","PINEALOMA"
4077,"9361","1","PINEOCYTOMA"
4078,"9362","3","PINEOBLASTOMA"
4079,"9363","0","MELANOTIC NEUROECTODERMAL TUM"
4080,"9370","3","CHORDOMA"
4081,"9380","3","GLIOMA MALIGNANT"
4082,"9381","3","GLIOMATOSIS CEREBRAL"
4083,"9382","3","GLIOMA MIXED"
4084,"9383","1","SUBEPENDYMAL GLIOMA"
4085,"9384","1","SUBEPENDY GIANT CELL ASTROCYTOM"
4086,"9390","0","CHOROID PLEXUS PAPILLOMA"
4087,"9390","3","CHOROID PLEXUS PAPILLOMA MAL"
4088,"9391","3","EPENDYMOMA NOS"
4089,"9392","3","EPENDYMOMA ANAPLASTIC TYPE"
4090,"9393","1","EPENDYMOMA PAPILLARY"
4091,"9394","1","EPENDYMOMA MYXOPAPILLARY"
4092,"9400","3","ASTROCYTOMA NOS"
4093,"9401","3","ASTROCYTOMA ANAPLASTIC TYPE"
4094,"9410","3","ASTROCYTOMA PROTOPLASMIC"
4095,"9411","3","ASTROCYTOMA GEMISOCYTIC"
4096,"9420","3","ASTROCYTOMA FIBRILLARY"
4097,"9421","3","ASTROCYTROMA PILOCYTIC"
4098,"9422","3","SPONGIOBLASTOMA"
4099,"9423","3","SPONGIOBLASTOMA POLARE"
4100,"9430","3","ASTROBLASTOMA"
4101,"9440","3","GLIOBLASTOMA NOS"
4102,"9441","3","GLIOBLASTOMA GIANT CELL"
4103,"9442","3","GLIOBLASTOMA SARCOMATOUS COMPON"
4104,"9443","3","SPONGIOBLASTOMA PRIMITIVE POLAR"
4105,"9450","3","OLIGODENDROGLIOMA NOS"
4106,"9451","3","OLIGODENDROGLIOMA ANAPLASTIC"
4107,"9460","3","OLIGODENDROBLASTOMA"
4108,"9470","3","MEDULLOBLASTOMA NOS"
4109,"9471","3","MEDULLOBLASTOMA DESMOPLASTIC"
4110,"9472","3","MEDULLOMYOBLASTOMA"
4111,"9480","3","CEREBELLAR SARCOMA"
4112,"9481","3","MONSTROCELLULAR SARCOMA"
4113,"9490","0","GANGLIONEUROMA"
4114,"9490","3","GANGLIONEUROBLASTOMA"
4115,"8910","3","RHABDOMYOSARCOMA EMBRYONAL"
4116,"8920","3","RHABDOMYOSARCOMA ALVEOLAR"
4117,"8920","6","RHABDOMYOSARCOMA ALVEOLAR METASTATIC"
4118,"8930","3","ENDOMETRIAL STROMAL SARCOMA"
4119,"8931","1","ENDOLYMPHATIC STROMAL MYOSIS"
4120,"8932","0","ADENOMYOMA"
4121,"8940","0","PLEOMORPHIC ADENOMA"
4122,"8940","3","MIXED TUMOUR MALIGNANT NOS"
4123,"8950","3","MULLERIAN MIXED TUMOUR"
4124,"8951","3","MIXED TUMOUR MESODERMAL"
4125,"8960","1","MESOBLASTIC NEPHROMA"
4126,"8960","3","NEPHROBLASTOMA NOS"
4127,"8970","3","HEPATOBLASTOMA"
4128,"8980","3","CARCINOSARCOMA NOS"
4129,"8980","6","CARCINOSARCOMA METASTATIC"
4130,"8981","3","CARCINOSARCOMA EMBRYONAL TYPE"
4131,"8982","0","MYOEPITHELIOMA"
4132,"8990","0","MESENCHYMOMA BENIGN"
4133,"8990","1","MESENCHYMOMA NOS"
4134,"8990","3","MESENCHYMOMA MALIGNANT"
4135,"8991","3","SARCOMA EMBRYONAL"
4136,"9000","0","BRENNER TUMOUR NOS"
4137,"9000","1","BRENNER TUMOUR B/L"
4138,"9000","3","BRENNER TUMOUR MALIGNANT"
4139,"9010","0","FIBROADENOMA NOS"
4140,"9011","0","FIBROADENOMA INTRACANALICULAR"
4141,"9012","0","FIBROADENOMA PERICANALICULAR"
4142,"9013","0","ADENOFIBROMA NOS"
4143,"9014","0","ADENOFIRBOMA SEROUS"
4144,"9015","0","ADENOFIBROMA MUCINOUS"
4145,"9020","0","FIBROADENOM INTRANCANALIC CELLU"
4146,"9020","1","CYSTOSARCOMA PHYLLODES NOS"
4147,"9020","3","CYSTOSARCOMA PHYLLODES MAL"
4148,"9030","0","FIBROADENOMA JUVENILE"
4149,"9040","0","SYNOVIOMA BENIGN"
4150,"9040","3","SYNOVIAL SARCOMA NOS"
4151,"9041","3","SYNOVIAL SARCOMA SPINDLE CELL"
4152,"9042","3","SYNOVIAL SARCOMA EPITHELIOD CEL"
4153,"9043","3","SYNOVIAL SARCOMA BIPHASIC TYPE"
4154,"9044","3","CLEAR CELL SARCOMA TENDONS ETC"
4155,"9050","0","MESOTHELIOMA BENIGN"
4156,"9050","3","MESOTHELIOMA MALIGNANT"
4157,"9050","6","MESOTHELIOMA MALIGNANT METASTATIC"
4158,"9051","0","MESOTHELIOMA FIBROUS BENIGN"
4159,"9051","3","MESOTHELIOMA FIBROUS MALIGNANT"
4160,"9052","0","MESOTHLEIOMA EPITHELIOD BENIGN"
4161,"9052","3","MESOTHELIOMA EPITHELIOD MALIGNA"
4162,"9053","0","MESOTHELIOMA BIPHASIC TYPE BEN"
4163,"9053","3","MESOTHELIOMA BIPHASIC TYPE MAL"
4164,"9054","0","ADENOMATOID TUMOUR NOS"
4165,"9060","3","DYSGERMINOMA"
4166,"9061","3","SEMINOMA NOS"
4167,"9062","3","SEMINOMA ANAPLASTIC"
4168,"9063","3","SEMINOMA SPERMATOCYTIC"
4169,"9064","3","GERMINOMA"
4170,"9070","3","EMBRYONAL CARCINOMA NOS"
4171,"9071","3","ENDODERMAL SINUS TUMOUR"
4172,"9072","3","POLYEMBRYROMA"
4173,"9073","1","GONADOBLASTOMA"
4174,"9080","0","TERATOMA BENIGN"
4175,"9080","1","TERATOMA NOS"
4176,"9080","3","TERATOMA MALIGNANT NOS"
4177,"9081","3","TERATOCARCINOMA"
4178,"9082","3","TERATOMA MALIGNANT UNDIFF"
4179,"9083","3","TERATOMA MALIGNANT INTERMEDIATE"
4180,"9084","0","DERMOID CYST"
4181,"9084","3","DERMOID CYST WITH MAL TRANSFORM"
4182,"9090","0","STRUMA OVARY NOS"
4183,"9090","3","STRUMA OVARY MALIGNANT"
4184,"9091","1","STRUMAL CARCINOID"
4185,"9092","3","MIXED TERATOMA/SEMINOMA"
4186,"9100","0","HYDATIFORM MOLE NOS"
4187,"9100","1","HYDATIDIFORM MOLE INVASIVE"
4188,"9100","3","CHORIOCARCINOMA"
4189,"9101","3","CHORIOCA COMBINED TERATOMA"
4190,"9102","3","TERATOMA MAL TROPHOBLASTIC"
4191,"9110","0","MESONEPHROMA BENIGN"
4192,"9110","1","MESONEPHRIC TUMOUR"
4193,"9110","3","MESONEPHROMA MALIGNANT"
4194,"9120","0","HAEMANGIOMA NOS"
4195,"9120","3","HAEMANGIOSARCOMA"
4196,"9121","0","HAEMANGIOMA CAVERNOUS"
4197,"9122","0","HAEMANGIOMA VENOUS"
4198,"9123","0","HAEMANGIOMA RACEMOSE"
4199,"9124","3","KUPFFER CELL SARCOMA"
4200,"9130","0","HAEMANGIOENDOTHELIOMA BENIGN"
4201,"9130","1","HAEMANGIOENDOTHELIOMA NOS"
4202,"9130","3","HAEMANGIOENDOTHELIOMA MAL"
4203,"9131","0","HAEMANGIOMA CAPILLARY"
4204,"9132","0","HAEMANGIOMA INTRAMUSCULAR"
4205,"9140","3","KAPOSI SARCOMA"
4206,"9141","0","ANGIOKERATOMA"
4207,"8076","2","SQUAM CA INSITU ? STROM INVAS"
4208,"8076","3","SQUAM CA MICROINVASIVE"
4209,"8080","2","QUEYRATS ERTHROPLASIA"
4210,"8081","2","BOWENS DISEASE"
4211,"8082","3","LYMPHOEPITHELIAL CARCINOMA"
4212,"8090","1","BASAL CELL TUMOR"
4213,"8090","3","BASAL CELL CARCINOMA NOS"
4214,"8091","3","BASAL CELL CARCINO MULTICENTRIC"
4215,"8092","3","BASAL CELL CA MORPHEA TYPE"
4216,"8093","3","BASAL CELL CA FIBROEPITHELIAL"
4217,"8094","3","BASOSQUAMOUS CARCINOMA"
4218,"8095","3","METATYPICAL CARCINOMA"
4219,"8096","0","JADASSOHN I/EPIDEM EPITHELIOMA"
4220,"8100","0","TRICHOEPITHELIOMA"
4221,"8101","0","TRICHOFOLLICULOMA"
4222,"8102","0","TRICHOLEMMOMA"
4223,"8102","1","PILAR TUMOUR"
4224,"8110","0","PILOMATRIXOMA"
4225,"8120","0","TRANSITIONAL CELL PAPILLOMA"
4226,"8120","1","UROTHELIAL PAPILLOMA"
4227,"8120","2","TRANSITIONAL CELL CA IN SITU"
4228,"8120","3","TRANSITIONAL CELL CA NOS"
4229,"8120","6","TRANSITIONAL CELL CARCINOMA METASTATIC"
4230,"8121","0","SCHNEIDERIAN PAPILLOMA"
4231,"8121","1","TRANS CELL PAPILLOMA INVERTED"
4232,"8121","3","SCHNEIDERIAN CARCINOMA"
4233,"8122","3","TRANS CELL CARCINOMA SPIND CELL"
4234,"8123","3","BASALOID CARCINOMA"
4235,"8124","3","CLOACOGENIC CARCINOMA"
4236,"8130","2","TRANSITIONAL CELL PAPILLARY IN SITU"
4237,"8130","3","TRANSITIONAL CELL PAPILLARY CA"
4238,"8140","0","ADENOMA NOS"
4239,"8140","1","BRONCHIAL ADENOMA NOS"
4240,"8140","2","ADENOCARCINOMA IN SITU"
4241,"8140","3","ADENOCARCINOMA NOS"
4242,"8140","6","ADENOCARCINOMA METASTATIC NOS"
4243,"8140","9","ADENOCARCINOMA INCERTAIN PRIMARY SITE"
4244,"8141","3","ADENOCARCINOMA SCIRRHOUS"
4245,"8142","3","LINITIS PLASTICA"
4246,"8143","3","ADENOCA SUPERFICIAL SPREADING"
4247,"8144","3","ADENOCARCINOMA INTESTINAL TYPE"
4248,"8145","3","ADENOCARCINOMA DIFFUSE TYPE"
4249,"8146","0","ADENOMA MONOMORPHIC"
4250,"8147","0","BASAL CELL ADENOMA"
4251,"8150","0","ISLET CELL ADENOMA"
4252,"8150","3","ISLET CELL CARCINOMA"
4253,"8151","0","INSULINOMA NOS"
4254,"8151","3","INSULINOMA MALIGNANT"
4255,"8152","0","GLUCAGONOMA NOS"
4256,"8152","3","GLUCAGONOMA MALIGNANT"
4257,"8153","1","GASTRINOMA NOS"
4258,"8153","3","GASTRINOMA MALIGNANT"
4259,"8154","3","ADENOCA MIX ISLET CELL/EXOCRIN"
4260,"8160","0","BILE DUCT ADENOMA"
4261,"8160","3","CHOLANGIOCARCINOMA"
4262,"8160","6","CHOLANGIOCARCINOMA METASTATIC"
4263,"8160","9","CHOLANGIOCARCINOMA UNCERT PRIMARY SITE"
4264,"8161","0","BILE DUCT CYSTADENOMA"
4265,"8161","3","BILE DUCT CYSTADENOCARCINOMA"
4266,"8170","0","LIVER CELL ADENOMA"
4267,"8170","3","HEPATOCELLULAR CARCINOMA NOS"
4268,"8180","0","HEPATOCHOLANGIOMA BENIGN"
4269,"8180","3","COMBINED HEPATOCELL/CHOLANGIOCA"
4270,"8190","0","TRABECULAR ADENOMA"
4271,"8190","3","TRABECULAR ADENOCARCINOMA"
4272,"8191","0","EMBRYONAL ADENOMA"
4273,"8200","0","ECCRINE DERMAL CYLINDROMA"
4274,"8200","3","ADENOID CYSTIC CARCINOMA"
4275,"8201","3","CRIBIFORM CARCINOMA"
4276,"8210","0","ADENOMATOUS POLYP NOS"
4277,"8210","3","ADENOCA IN ADENOMATOUS POLYP"
4278,"8211","0","TUBULAR ADENOMA NOS"
4279,"8211","3","TUBULAR ADENOCARCINOMA"
4280,"8220","0","ADENOMATOUS POLYPOSIS COLI"
4281,"8220","3","ADENOCA/ADENOMAT POLPYPOS COLI"
4282,"8221","0","MULTI ADENOMATOUS POLYPS"
4283,"8221","3","ADENOCARCINOMA IN MULTIPLE ADENOMATOUS POLYPS"
4284,"8230","3","SOLID CARCINOMA NOS"
4285,"8231","3","CARCINOMA SIMPLEX"
4286,"8240","1","CARCINOID TUMOUR NOS"
4287,"8240","3","CARCINOID TUMOUR MALIGNANT"
4288,"8240","6","CARCINOID TUMOUR MALIGNANT METASTATIC"
4289,"8241","1","CARCINOID TUMOUR ARGENTAFFIN"
4290,"8241","3","CARCINOID TUMOUR ARGENTAFFIN MAL"
4291,"8243","3","CARCINOID MUCO TUMOUR MALIGNANT"
4292,"8244","3","CARCINOID COMPOSITE"
4293,"8247","3","CARCINOMA MERKEL CELL"
4294,"8250","1","PULMONARY ADENOMATOSIS"
4295,"8250","3","ADENOCARCINOMA BRONCHO-ALVEOLAR"
4296,"8251","0","ALVEOLAR ADENOMA"
4297,"8251","3","ALVEOLAR ADENOCARCINOMA"
4298,"8260","0","PAPILLARY ADENOMA"
4299,"8260","3","ADENOCARCINOMA PAPILLARY NOS"
4300,"8261","1","VILLOUS ADENOMA"
4301,"8261","3","ADENOCARCINOMA IN VILLOUS ADENO"
4302,"8262","3","ADENOCARCINOMA VILLOUS"
4303,"8263","0","ADENOMA TUBULOVILLOUS"
4304,"8270","0","CHROMOPHE ADENOMA"
4305,"8270","3","CHROMOPHE CARCINOMA"
4306,"8280","0","ACIDOPHIL ADENOMA"
4307,"8280","3","ACIDOPHIL CARCINOMA"
4308,"8281","0","MIXED ACIDOPHIL BASOPHIL ADENOM"
4309,"8281","3","MIXED ACIDOPHIL BASOPHIL CARCIN"
4310,"8290","0","OXYPHILIC ADENOMA"
4311,"8290","3","ADENOCARCINOMA OXYPHILIC"
4312,"8300","0","BASOPHIL ADENOMA"
4313,"8300","3","BASOPHIL CARCINOMA"
4314,"8310","0","CLEAR CELL ADENOMA"
4315,"8310","3","ADENOCARCINOMA CLEAR CELL NOS"
4316,"8310","6","ADENOCARCINOMA CLEAR CELL METASTATIC"
4317,"8311","1","HYPERNEPHROID TUMOUR"
4318,"8312","3","CARCINOMA RENAL CELL"
4319,"8313","0","CLEAR CELL ADENOMFIBROMA"
4320,"8320","3","GRANULAR CELL CARCINOMA"
4321,"8321","0","CHIEF CELL ADENOMA"
4322,"8322","0","WATER CLEAR CELL ADENOMA"
4323,"8322","3","WATER CLEAR CELL ADENOCARCINOMA"
4324,"8323","0","MIXED CELL ADENOMA"
4325,"8323","3","MIXED CELL ADENOCARCINOMA"
4326,"8324","0","LIPOADENOMA"
4327,"8330","0","FOLLICULAR ADENOMA"
4328,"8330","3","ADENOCARCINOMA FOLLICULAR"
4329,"8331","3","FOLLICULAR ADENOCARCINOMA WD"
4330,"8332","3","FOLLICULAR ADENOCA TRABECULAR"
4331,"8333","0","ADENOMA MICROFOLLICULAR"
4332,"8334","0","MACROFOLLICULA ADENOMA"
4333,"8340","3","ADENOCA PAPILLARY & FOLLICULAR"
4334,"8350","3","NONCAPSULATED SCLEROSING CARCIN"
4335,"8360","1","MULTIPLE ENDOCRINE ADENOMAS"
4336,"8361","1","JUXTAGLOMERULAR TUMOUR"
4337,"8370","0","ADRENAL CORTICAL ADENOMA NOS"
4338,"8370","3","ADRENAL CORTICAL CARCINOMA"
4339,"8371","0","ADRENAL CORTICAL ADENOM COMPACT"
4340,"8372","0","ADRENAL CORTICAL ADENOM PIGMENT"
4341,"8373","0","ADRENAL CORTIC ADENOM CLEARCELL"
4342,"8374","0","ADRENAL CORTIC ADENOM GLOMERULO"
4343,"8375","0","ADRENAL CORTIC ADENOM MIXED CEL"
4344,"8380","0","ENDOMETROID ADENOMA NOS"
4345,"8380","1","ENDOMETROID ADENOMA B/L MAL"
4346,"8380","3","ADENOCARCINOMA ENDOMETRIOID"
4347,"8381","0","ENDOMETROID ADENOFIBROMA NOS"
4348,"8381","1","ENDOMETROID ADENOFIBROM B/L MAL"
4349,"8381","3","ENDOMETROID ADENOFIBROMA MAL"
4350,"8390","0","SKIN APPENDAGE ADENOMA"
4351,"8390","3","SKIN APPENDAGE CARCINOMA"
4352,"8400","0","SWEAT GLAND ADENOMA"
4353,"8400","1","SWEAT GLAND TUMOUR NOS"
4354,"8400","3","SWEAT GLAND ADENOCARCINOMA"
4355,"8401","0","APOCRINE ADENOMA"
4356,"8401","3","APOCRINE ADENOCARCINOMA"
4357,"8402","0","ECCRINE ACROSPIROMA"
4358,"8403","0","ECCRINE SPIRADENOMA"
4359,"8403","3","ECCRINE SPIRADENOMA MALIGNANT"
4360,"8404","0","HIDROCYSTOMA"
4361,"8405","0","HIDRADENOMA PAPILLARY"
4362,"8406","0","SYRINGADENOMA PAPILLARY"
4363,"8407","0","SYRINGOMA NOS"
4364,"8410","0","SEBACEOUS ADENOMA"
4365,"8410","2","SEBACEOUS ADENOCARCINOMA IN SITU"
4366,"8410","3","SEBACEOUS ADENOCARCINOMA"
4367,"8420","0","CERUMINOUS ADENOMA"
4368,"8420","3","CERUMINOUS ADENOCARCINOMA"
4369,"8430","1","MUCOEPIDERMOID TUMOUR"
4370,"8430","3","CARCINOMA MUCOEPIDERMOID"
4371,"8440","0","CYSTADENOMA NOS"
4372,"8440","3","CYSTADENOCARCINOMA NOS"
4373,"8441","0","CYSTADENOMA SEROUS"
4374,"8441","1","CYSTADENOMA SEROUS B/L"
4375,"8441","3","CYSTADENOCARCINOMA SEROUS NOS"
4376,"8450","0","CYSTADENOMA PAPILLARY"
4377,"8450","1","CYSTADENOMA PAPILLARY B/L"
4378,"8450","3","CYSTADENOCARCIN PAPILLARY NOS"
4379,"8460","0","CYSTADENOMA PAPILLARY SEROUS"
4380,"8460","1","CYSTADENOMA PAPILL SEROUS B/L"
4381,"8460","3","CYSTADENOCARCIN PAPILL SEROUS"
4382,"8461","0","SEROUS SURFACE PAPILLOMA NOS"
4383,"8461","1","SEROUS SURFACE PAPILLOMA B/L"
4384,"8461","3","SEROUS SURFACE PAPILLARY CA"
4385,"8470","0","CYSTADENOMA MUCINOUS NOS"
4386,"8470","1","CYSTADENOMA MUCINOUS B/L"
4387,"8470","3","CYSTADENOCARCINOMA MUCINOUS NOS"
4388,"8471","0","CYSTADENOMA PAPILLARY MUCINOUS"
4389,"8471","1","CYSTADENOMA MUCINOUS PAPILLARY"
4390,"8471","3","CYSTADENOCARCIN PAPILLARY MUCIN"
4391,"8480","0","ADENOMA MUCINOUS"
4392,"8480","3","ADENOCARCINOMA MUCINOUS"
4393,"8480","6","PSEUDOMYXOMA PERITONEI PNK"
4394,"8480","9","ADENOCARCINOMA MUCINOUS UNCERT PRIM SITE"
4395,"8481","3","ADENOCARCINOMA MUCIN PRODUCING"
4396,"8481","6","ADENOCARCINOMA MUCINOUS METASTATIC PNK"
4397,"8490","3","SIGNET RING CELL CARCINOMA"
4398,"8490","6","METASTATIC SIGNET RING CELL CA"
4399,"8500","2","INTRADUCTAL CA NON INFILTRATING"
4400,"8500","3","DUCT INFILTRATING CARCINOMA"
4401,"8500","6","DUCT INFILTRATING CA METASTASTIC PNK"
4402,"8501","2","COMEDOCA NON INFILTRATING"
4403,"8501","3","COMEDOCARCINOMA  NOS"
4404,"8502","3","JUVENILE CARCINOMA BREAST"
4405,"8503","0","INTRADUCTAL PAPILLOMA"
4406,"8503","2","INT/DUCT PAPILL ADENOCA NONINF"
4407,"8503","3","INTRADUCT PAPILL ADENOCARCINOMA"
4408,"8504","0","INTRACYSTIC PAPILLARY ADENOMA"
4409,"8504","2","INTRACYSTIC CA NONINFILTRATING"
4410,"8505","0","INTRADUCTAL PAPILLOMATOSIS"
4411,"8506","0","DUCT SUBAREOLAR PAPILLOMATOSIS"
4412,"8510","3","CARCINOMA MEDULLARY NOS"
4413,"8511","3","CARCINOMA MEDULLARY AMYLOID STR"
4414,"8512","3","CARCINOMA MEDULLARY LYMPHOID"
4415,"8520","2","LOBULAR CARCINOMA IN SITU"
4416,"8520","3","CA LOBULAR NOS"
4417,"8521","3","DUCTULAR CARCINOMA INFILTRATING"
4418,"8522","3","INFILTRATING DUCT & LOBULAR"
4419,"8530","3","INFLAMMATORY CARCINOMA"
4420,"8540","3","PAGETS DISEASE BREAST"
4421,"8541","3","PAGETS DISEASE & INFILT DUCT CA"
4422,"8542","3","PAGETS DISEASE EXTRAMAMMARY"
4423,"8543","3","PAGETS DISEASE & INTRADUCT CA"
4424,"8550","0","ACINIC CELL ADENOMA"
4425,"8550","1","ACINIC CELL TUMOUR"
4426,"8550","3","ACINIC CELL CARCINOMA"
4427,"8560","2","ADENOSQUAMOUS CARCINOMA IN SITU"
4428,"8560","3","ADENOSQUAM CARCINOMA"
4429,"8560","6","ADENOSQUAM CARCINOMA METASTATIC"
4430,"8561","0","ADENOLYMPHOMA"
4431,"8570","3","ADENOCA WITH SQUAM METAPLASIA"
4432,"8571","3","ADENOCA CARTILAGE/OSSEOUS METAP"
4433,"8572","3","ADENOCA SPINDLE CELL METAPLASIA"
4434,"8573","3","ADENOCA APOCRINE METAPLASIA"
4435,"8580","0","THYMOMA BENIGN"
4436,"8580","3","THYMOMA MALIGNANT"
4437,"8590","1","SEX CORD STROMAL TUMOUR"
4438,"8600","0","THECOMA NOS"
4439,"8600","3","THECA CELL CARCINOMA"
4440,"8610","0","LUTEOMA NOS"
4441,"8620","1","GRANULOSA CELL TUMOUR NOS"
4442,"8620","3","GRANULOSA CELL TUMOUR MALIGNANT"
4443,"8621","1","GRANULOSA CELL THECA-CELL TUM"
4444,"8630","0","ANDROBLASTOMA BENIGN"
4445,"8630","1","ANDROBLASTOMA NOS"
4446,"8630","3","ANDROBLASTOMA MALIGNANT"
4447,"8631","0","SERTOLI-LEYDIG CELL TUMOUR"
4448,"8631","1","SERTOLI-LEYDIG TUM UNCERTAIN"
4449,"8632","1","GYNANDROBLASTOMA"
4450,"8640","0","TUBULAR ANDROBLASTOMA NOS"
4451,"8640","3","SERTOLI CELL CARCINOMA"
4452,"8641","0","TUBULAR ANDROBLASTOMA LIPID ST"
4453,"8650","0","LEYDIG CELL TUMOUR BENIGN"
4454,"8650","1","LEYDIG CELL TUMOUR NOS"
4455,"8650","3","LEYDIG CELL TUMOUR MALIGNANT"
4456,"8660","0","HILAR CELL TUMOUR"
4457,"8670","0","LIPID CELL TUMOUR OF OVARY"
4458,"8671","0","ADRENAL REST TUMOUR"
4459,"8680","1","PARAGANGLIOMA NOS"
4460,"8680","3","PARAGANGLIOMA MALIGNANT"
4461,"8681","1","PARAGANGLIOMA SYMPTHETIC"
4462,"8682","1","PARAGANGLIOMA PARASYMPATHETIC"
4463,"8690","1","GLOMUS JUGULARE TUMOUR"
4464,"8691","1","AORTIC BODY TUMOUR"
4465,"8692","1","CAROTID BODY TUMOUR"
4466,"8693","1","PARAGANGLIOMA EXTRA ADRENAL"
4467,"8693","3","PARAGANGLIOMA EXTRA ADRENAL MAL"
4468,"8700","0","PHOECHROMOCYTOMA NOS"
4469,"8700","3","PHEOCHROMOCYTOMA MAL"
4470,"8710","3","GLOMANGIOSARCOMA"
4471,"8711","0","GLOMUS TUMOUR"
4472,"8712","0","GLOMANGIOMA"
4473,"8720","0","PIGMENTED NAEVUS NOS"
4474,"8720","2","MALIGNANT MELANOMA IN SITU"
4475,"8720","3","MELANOMA MALIGNANT NOS"
4476,"8720","6","MELANOMA MALIGNANT NOS METASTATIC"
4477,"8720","9","MELANOMA MALIGNANT UNCERT PRIMARY SITE"
4478,"8721","3","MELANOMA NODULAR"
4479,"8722","0","BALLON CELL NAEVUS"
4480,"9491","0","GANGLIONEUROMATOSIS"
4481,"9500","3","NEUROBLASTOMA NOS"
4482,"9501","3","MEDULLOEPITHELIOMA NOS"
4483,"9502","3","MEDULLOEPITHELIOMA TERATOID"
4484,"9503","3","NEUROEPITHELIOMA NOS"
4485,"9504","3","SPONGIONEUROBLASTOMA"
4486,"9505","1","GANGLIOGLIOMA"
4487,"9506","0","NEUROCYTOMA"
4488,"9507","0","PACINIAN TUMOUR"
4489,"9510","3","RETINOBLASTOMA NOS"
4490,"9511","3","RETINOBLASTOMA DIFF TYPE"
4491,"9512","3","RETINOBLASTOMA UNDIFF TYPE"
4492,"9520","3","OLFACTORY NEUROGENIC TUMOUR"
4493,"9521","3","ESTHESIONEUROCYTOMA"
4494,"9522","3","NEUROBLASTOMA OLFACTORY"
4495,"9523","3","ESTHESIONEUROEPITHELIOMA"
4496,"9530","0","MENINGIOMA NOS"
4497,"9530","1","MENINGIOMATOSIS NOS"
4498,"9530","3","MENINGIOMA MALIGNANT"
4499,"9531","0","MENINGOTHELIOMATOUS MENINGIOMA"
4500,"9532","0","MENINGIOMA FIBROUS"
4501,"9533","0","MENINGIOMA PSAMMOMATOUS"
4502,"9534","0","MENINGIOMA ANGIOMATOUS"
4503,"9535","0","MENINGIOMA HEAMANGIOBLASTIC"
4504,"9536","0","MENINGIOMA HAEMANGIOPERICYTIC"
4505,"9537","0","MENINGIOMA TRANSITIONAL"
4506,"9538","1","MENINGIOMA PAPILLARY"
4507,"9539","3","MENINGIOMA SARCOMATOUS"
4508,"9540","0","NEUROFIBROMA NOS"
4509,"9540","1","NEUROFIBROMATOSIS NOS"
4510,"9540","3","NEUROFIBROSARCOMA"
4511,"9541","0","NEUROFIBROMA MELANOTIC"
4512,"9550","0","NEUROFIBROMA PLEXIFORM"
4513,"9560","0","NEURILEMMOMA"
4514,"9560","1","NEURINOMATOSIS"
4515,"9560","3","NEURILEMMOMA MALIGNANT"
4516,"9570","0","NEUROMA NOS"
4517,"9580","0","GRANULAR CELL TUMOUR NOS"
4518,"9580","3","GRANULAR CELL TUMOUR MALIGNANT"
4519,"9581","3","ALVEOLAR SOFT PART SARCOMA"
4520,"9590","3","LYMPHOMA MALIGNANT NOS"
4521,"9591","3","LYMPHOMA MAL NONHODGKINS TYPE"
4522,"9650","3","HODGKINS DISEASE NOS"
4523,"9652","3","HODGKINS DISEASE MIXED CELLULAR"
4524,"9653","3","HODGKINS DISEASE LYMPHO DEPLETE"
4525,"9654","3","HODGKINS DIS LYMPHOCYTIC DEPLET"
4526,"9655","3","HODGKINS DIS LYMP DEP RETICULAR"
4527,"9657","3","HODGKINS DIS NOD SCLEROS CELLUL"
4528,"9660","3","HODGKINS PARAGRANULOMA"
4529,"9661","3","HODGKINS GRANULOMA"
4530,"9662","3","HODGKINS SARCOMA"
4531,"9690","3","LYMPHOMA NODULAR MALIGNANT NOS"
4532,"9691","3","LYMPHOMA MIX LYMPHO/HISTIOCYTIC"
4533,"9692","3","LYMPHOMA CENTROBLAS/CYTIC FOLLI"
4534,"9693","3","LYMPHOMA LYMPHOCYTIC NODULAR WD"
4535,"9694","3","LYMPHOMA LYMPHOCYTIC NOD ID"
4536,"9695","3","LYMPHOMA FOLLIC CENT CELL CLEAV"
4537,"9696","3","LYMPHOMA LYMPHOCYTIC NODULA PD"
4538,"9697","3","LYMPHOMA CENTROBLASTIC FOLLICUL"
4539,"9698","3","LYMPHOMA FOLLICLE NON CLEAV"
4540,"9700","3","MYCOSIS FUNGOIDES"
4541,"9701","3","SEZARYS DISEASE"
4542,"9703","3","LYMPHOMA T ZONE"
4543,"9720","3","HISTIOCYTOSIS MALIGNANT"
4544,"9722","3","LETTERER-SIWES DISEASE"
4545,"9731","1","PLASMACYTOMA NOS"
4546,"9731","3","PLASMA CELL TUMOUR MALIGNANT"
4547,"9732","3","MULTIPLE MYELOMA"
4548,"9740","1","MASTOCYTOMA NOS"
4549,"9740","3","MAST CELL SARCOMA"
4550,"9741","3","MASTOCYTOSIS MALIGNANT"
4551,"9761","3","WALDENSTROMS MACROGLOBULINEMIA"
4552,"9800","3","LEUKAEMIA NOS"
4553,"9801","3","LEUKAEMIA ACUTE NOS"
4554,"9802","3","LEUKAEMIA SUBACUTE NOS"
4555,"9803","3","LEUKAEMIA CHRONIC NOS"
4556,"9804","3","LEUKAEMIA ALEUKEMIC NOS"
4557,"9820","3","LEUKAEMIA LYMPHOID NOS"
4558,"9821","3","LEUKAEMIA LYMPHOID ACUTE"
4559,"9822","3","LEUKAEMIA LYMPHOID SUBACUTE"
4560,"9823","3","LEUKAEMIA LYMPHOID CHRONIC"
4561,"9824","3","LEUKAEMIA LYMPHOID ALEUKEMIC"
4562,"9825","3","LEUKAEMIA PROLYMPHOCTIC"
4563,"9826","3","LEUKAEMIA T CELL"
4564,"9827","3","LEUKAEMIA B CELL"
4565,"9830","3","LEUKAEMIA PLASMA CELL"
4566,"9840","3","ERYTHROLEUKAEMIA"
4567,"9841","3","ERYTHREMIA ACUTE"
4568,"9842","3","ERYTHREMIA CHRONIC"
4569,"9850","3","LEUKAEMIA LYMPHOSARCOMA  CELL"
4570,"9860","3","LEUKAEMIA MYELOID NOS"
4571,"9861","3","LEUKAEMIA MYELOID ACUTE"
4572,"9862","3","LEUKAEMIA MYELOID SUBACUTE"
4573,"9863","3","LEUKAEMIA MYELOID CHRONIC"
4574,"9864","3","LEUKAEMIA MYELOID ALEUKEMIC"
4575,"9866","3","LEUKAEMIA PROMYELOCYTIC ACUTE"
4576,"9870","3","LEUKAEMIA BASOPHILIC"
4577,"9880","3","LEUKAEMIA EOSINOPHILIC"
4578,"9890","3","LEUKAEMIA MONOCYTIC NOS"
4579,"9891","3","LEUKAEMIA MONOCYTIC ACUTE"
4580,"9892","3","LEUKAEMIA MONOCYTIC SUBACUTE"
4581,"9893","3","LEUKAEMIA MONOCYTIC CHRONIC"
4582,"9894","3","LEUKAEMIA MONOCYTIC ALEUKEMIC"
4583,"9900","3","LEUKAEMIA MAST CELL"
4584,"9910","3","LEUKAEMIA MEGAKARYOCYTIC"
4585,"9930","3","MYELOID SARCOMA"
4586,"9940","3","LEUKAEMIA HAIRY CELL"
4587,"9950","1","POLYCYTHAEMIA VERA"
4588,"9960","1","MYELOPROLIFERATIVE DISEASE CHR"
4589,"9961","1","MYELOSCLEROSIS MYELOID/METAPLAS"
4590,"9962","1","IDIOPATHIC THROMBOCYTHEMIA"
4591,"9970","1","CHRONIC LYMPHOPROLIFERATIVE DIS"
4592,"8130","1","PAPILIARY TRANSITIONAL CELL CARCINOMA OF BLADDER"
4593,"9715","3","LOW-GRADE MALT LYMPHOMA"
4594,"8046","3","NON SMALL CELL CARCINOMA OF LUNG"
4595,"8341","3","MINIMALLY INVASIVE FOLICULAR CARCINOMA"
4596,"8070","5","SQUAMOUS CARCINOMA MICROINVASIVE"
4597,"8402","2","ECCRINE POROMA IN SITU"
4598,"8246","6","NEUROENDOCRINE CARCINOMA NOS METASTATIC"
4599,"8211","2","TUBULAR ADENOMA"
4600,"8221","2","MULTIPLE ADENOMAS"
4601,"8743","2","SUPERFICIAL SPREADING MALIGNANT MELANOMA IN SITU"
8041,"8044","3","SMALL CELL CARCINOMA INTERMEDIATE CELL"
8042,"8045","3","SMALL CELL-LARGE CELL CARCINOMA"
8043,"8077","2","INTRAEPITHELIAL NEOPLASIA GRADE III OF CERVIX , VULVA AND VAGINA"
8044,"8155","3","VIPOMA"
8045,"8162","3","KLATSKINS TUMOUR"
8046,"8171","3","HEPATOCELLULAR CARCINOMA FIBROLAMELLAR"
8047,"8245","3","ADENOCARCINOID TUMOUR"
8048,"8271","0","PROLACTINOMA"
8049,"8314","3","LIPID-RICH CARCINOMA"
8050,"8315","3","GLYCOGEN-RICH CARCINOMA"
8051,"8408","3","ECCRINE PAPILLARY (ADENO)CARCINOMA"
8052,"8442","3","SEROUS CYSTADENOMA BORDERLINE MALIGNANCY"
8053,"8451","3","PAPILLARY CYSTADENOMA BORDERLINE MALIGNANCY"
8054,"8452","1","PAPILLARY CYSTIC TUMOUR"
8055,"8462","3","PAPILLARY SEROUS CYSTADENOMA BORDERLINE MALIGNANCY"
8056,"8472","3","MUCINOUS CYSTADENOMA BORDERLINE MALIGNANCY"
8057,"8473","3","PAPILLARY MUCINOUS CYSTADENOMA BORDERLINE MALIGNANCY"
8058,"8562","3","EPITHELIAL-MYOEPITHELIAL CARCINOMA"
8059,"8622","1","JUVENILE GRANULOSA CELL TUMOUR"
8060,"8623","1","SEX CORD TUMOUR WITH ANNULAR TUBULES"
8061,"8744","2","ACRAL LENTIGINOUS MELANOMA IN-SITU"
8062,"8744","3","ACRAL LENTIGINOUS MELANOMA MALIGNANT"
8063,"8745","3","DESMOPLASTIC MELANOMA MALIGNANT"
8064,"8824","1","MYOFIBROMATOSIS"
8065,"8833","3","PIGMENTED DERMATOFIBROSARCOMA PROTUBERANS"
8066,"8841","1","ANGIOMYXOMA"
8067,"8858","3","DEDIFFERENTIATED LIPOSARCOMA"
8068,"8896","3","MYXOID LEIOMYOSARCOMA"
8069,"8897","1","SMOOTH MUSCLE TUMOUR NOS"
8070,"8933","3","ADENOSARCOMA"
8071,"8941","3","CARCINOMA IN PLEOMORPHIC ADENOMA"
8072,"8963","3","RHABDOID SARCOMA"
8073,"8963","6","METASTATIC RHABDOID SARCOMA"
8074,"8964","3","CLEAR CELL SARCOMA OF KIDNEY"
8075,"8971","3","PANCREATOBLASTOMA"
8076,"8972","3","PULMONARY BLASTOMA"
8077,"9055","1","CYSTIC MESOTHELIOMA"
8078,"9085","3","MIXED GERM CELL TUMOUR"
8079,"9085","6","METASTATIC MIXED GERM CELL TUMOUR"
8080,"9103","0","PARTIAL HYDATIDIFORM MOLE"
8081,"9104","1","PLACENTAL SITE TROPHOBLASTIC TUMOUR"
8082,"9133","1","EPITHELIOID HAEMANGIOENDOTHELIOMA NOS"
8083,"9133","3","EPITHELIOID HAEMANGIOENDOTHELIOMA MALIGNANT"
8084,"9134","1","INTRAVASCULAR BRONCHIAL ALVEOLAR TUMOUR"
8085,"9185","3","SMALL CELL OSTEOSARCOMA"
8086,"9231","3","MYXOID CHONDROSARCOMA"
8087,"9364","3","PERIPHERAL NEUROECTODERMAL TUMOUR"
8088,"9364","6","METASTATIC PERIPH NEUROECTODERMAL TUMOUR"
8089,"9424","3","PLEOMORPHIC XANTHOASTROCYTOMA"
8090,"9473","3","PRIMITIVE NEUROECTODERMAL TUMOUR"
8091,"9561","3","TRITON TUMOUR MALIGNANT"
8092,"9592","3","LYMPHOSARCOMA NOS"
8093,"9593","3","RETICULOSARCOMA NOS"
8094,"9594","3","MICROGLIOMA"
8095,"9595","3","MALIGNANT LYMPHOMA DIFFUSE NOS"
8096,"9658","3","HODGKINS DISEASE LYMPHOCYTIC PREDOMINANCE DIFFUSE"
8097,"9659","3","HODGKINS DISEASE LYMPHOCYTIC PREDOMINANCE NODULAR"
8098,"9663","3","HODGKINS DISEASE NODULAR SCLEROSIS NOS"
8099,"9664","3","HODGKINS DISEASE NODULAR SCLEROSIS CELLULAR PHASE"
8100,"9665","3","HODGKINS DISEASE NODULAR SCLEROSIS LYMPHOCYTIC PREDOMINANCE"
8101,"9666","3","HODGKINS DISEASE NODULAR SCLEROSIS MIXED CELLULARITY"
8102,"9667","3","HODGKINS DISEASE NODULAR SCLEROSIS LYMPHOCYTIC DEPLETION"
8103,"9670","3","MALIGNANT LYMPHOMA SMALL LYMPHOCYTIC NOS"
8104,"9671","3","MALIGNANT LYMPHOMA LYMPHOPLASMACYTIC"
8105,"9673","3","MALIGNANT LYMPHOMA LYMPHOCYTIC INTERMEDIATE DIFFERENTIATION DIFFUSE"
8106,"9674","3","MALIGNANT LYMPHOMA CENTROCYTIC"
8107,"9675","3","MALIGNANT LYMPHOMA MIXED SMALL AND LARGE CELL DIFFUSE"
8108,"9676","3","MALIGNANT LYMPHOMA CENTROBLASTIC-CENTROCYTIC DIFFUSE"
8109,"9677","3","MALIGNANT LYMPHOMATOUS POLYPOSIS"
8110,"9680","3","MALIGNANT LYMPHOMA LARGE CELL DIFFUSE NOS"
8111,"9681","3","MALIGNANT LYMPHOMA LARGE CELL CLEAVED DIFFUSE"
8112,"9682","3","MALIGNANT LYMPHOMA LARGE CELL NON-CLEAVED DIFFUSE"
8113,"9683","3","MALIGNANT LYMPHOMA CENTROBLASTIC DIFFUSE"
8114,"9684","3","MALIGNANT LYMPHOMA IMMUNOBLASTIC NOS"
8115,"9685","3","MALIGNANT LYMPHOMA LYMPHOBLASTIC"
8116,"9687","3","BURKITTS LYMPHOMA NOS"
8117,"9702","3","PERIPHERAL T-CELL LYMPHOMA NOS"
8118,"9704","3","LYMPHOEPITHELIOID LYMPHOMA"
8119,"9705","3","PERIPHERAL T-CELL LYMPHOMA, AILD (ANGIOIMMUNOBLASTIC LYMPHADENOPATHY WITH DYSPROTEINEMIA)"
8120,"9707","3","PERIPHERAL T-CELL LYMPHOMA PLEOMORPHIC MEDIUM AND LARGE CELL"
8121,"9709","3","CUTANEOUS LYMPHOMA"
8122,"9711","3","MONOCYTOID B-CELL LYMPHOMA"
8123,"9713","3","ANGIOCENTRIC T-CELL LYMPHOMA"
8124,"9714","3","LARGE CELL (KI-1+) LYMPHOMA"
8125,"9723","3","TRUE HISTIOCYTIC LYMPHOMA"
8126,"9760","3","IMMUNOPROLIFERATIVE DISEASE NOS"
8127,"9765","1","MONOCLONAL GAMMOPATHY"
8128,"9766","1","ANGIOCENTRIC IMMUNOPROLIFERATIVE LESION"
8129,"9768","1","T-GAMMA LYMPHOPROLIFERATIVE DISEASE"
8130,"9867","3","ACUTE MYELOMONOCYTIC LEUKAEMIA"
8131,"9868","3","CHRONIC MYELOMONOCYTIC LEUKAEMIA"
8132,"9931","3","ACUTE PANMYELOSIS"
8133,"9932","3","ACUTE MYELOFIBROSIS"
8134,"9980","1","REFRACTORY ANAEMIA NOS"
8135,"9981","1","REFRACTORY ANAEMIA WITHOUT SIDEROBLASTS"
8136,"9982","1","REFRACTORY ANAEMIA WITH SIDEROBLASTS"
8137,"9983","1","REFRACTORY ANAEMIA WITH EXCESS OF BLASTS"
8138,"9984","1","REFRACTORY ANAEMIA WITH EXCESS OF BLASTS WITH TRANSFORMATION"
8139,"9989","1","MYELODYSPLASTIC SYNDROME NOS"
8145,"8727","0","DYSPLASTIC NAEVUS"
